{"cameraMode":{"drawMode":0,"name":"Shaded","section":"Shading Mode"},"sceneLighting":true,"audioPlay":false,"sceneViewState":{"showFog":true,"showMaterialUpdate":false,"showSkybox":true,"showFlares":true,"showImageEffects":true,"showParticleSystems":true},"in2DMode":false,"pivot":{"x":0.5972824096679688,"y":1.082421898841858,"z":3.8955078125},"rotation":{"x":0.5529255867004395,"y":0.007498771883547306,"z":-0.004976441152393818,"w":0.8331816792488098},"size":11.240827560424805,"orthographic":true}