{"cameraMode":{"drawMode":0,"name":"Shaded","section":"Shading Mode"},"sceneLighting":true,"audioPlay":false,"sceneViewState":{"showFog":true,"showMaterialUpdate":false,"showSkybox":true,"showFlares":true,"showImageEffects":true,"showParticleSystems":true},"in2DMode":false,"pivot":{"x":0.5972824096679688,"y":1.082421898841858,"z":3.8955078125},"rotation":{"x":0.5541946887969971,"y":0.0024970853701233865,"z":-0.0016625650459900499,"w":0.8323813080787659},"size":11.240827560424805,"orthographic":true}