{"cameraMode":{"drawMode":0,"name":"Shaded","section":"Shading Mode"},"sceneLighting":true,"audioPlay":false,"sceneViewState":{"showFog":true,"showMaterialUpdate":false,"showSkybox":true,"showFlares":true,"showImageEffects":true,"showParticleSystems":true},"in2DMode":false,"pivot":{"x":0.9841458797454834,"y":0.6851620078086853,"z":3.916268825531006},"rotation":{"x":-0.3367920517921448,"y":-0.001966275740414858,"z":0.0007206796435639262,"w":-0.9416031241416931},"size":13.463032722473145,"orthographic":true}