{"cameraMode":{"drawMode":0,"name":"Shaded","section":"Shading Mode"},"sceneLighting":true,"audioPlay":false,"sceneViewState":{"showFog":true,"showMaterialUpdate":false,"showSkybox":true,"showFlares":true,"showImageEffects":true,"showParticleSystems":true},"in2DMode":false,"pivot":{"x":-2.1399879455566408,"y":4.145488262176514,"z":1.85614013671875},"rotation":{"x":0.411863774061203,"y":0.002733708592131734,"z":-0.0012356743682175875,"w":0.9112420678138733},"size":10.962352752685547,"orthographic":true}