{"cameraMode":{"drawMode":0,"name":"Shaded","section":"Shading Mode"},"sceneLighting":true,"audioPlay":false,"sceneViewState":{"showFog":true,"showMaterialUpdate":false,"showSkybox":true,"showFlares":true,"showImageEffects":true,"showParticleSystems":true},"in2DMode":false,"pivot":{"x":-3.009653091430664,"y":0.01303720474243164,"z":0.4349212646484375},"rotation":{"x":-0.45674699544906618,"y":0.1606569141149521,"z":-0.08423510938882828,"w":-0.8709339499473572},"size":9.544076919555664,"orthographic":true}