{"cameraMode":{"drawMode":0,"name":"Shaded","section":"Shading Mode"},"sceneLighting":true,"audioPlay":false,"sceneViewState":{"showFog":true,"showMaterialUpdate":false,"showSkybox":true,"showFlares":true,"showImageEffects":true,"showParticleSystems":true},"in2DMode":false,"pivot":{"x":0.4672558307647705,"y":2.3714842796325685,"z":4.369140625},"rotation":{"x":0.2712588608264923,"y":-0.37517261505126955,"z":0.11580722779035568,"w":0.8787786364555359},"size":12.061123847961426,"orthographic":true}