{"cameraMode":{"drawMode":0,"name":"Shaded","section":"Shading Mode"},"sceneLighting":true,"audioPlay":false,"sceneViewState":{"showFog":true,"showMaterialUpdate":false,"showSkybox":true,"showFlares":true,"showImageEffects":true,"showParticleSystems":true},"in2DMode":false,"pivot":{"x":0.8450694680213928,"y":1.3807616233825684,"z":3.2489013671875},"rotation":{"x":0.38135403394699099,"y":-0.129690483212471,"z":0.05413002520799637,"w":0.9136871695518494},"size":9.618005752563477,"orthographic":true}