{"cameraMode":{"drawMode":0,"name":"Shaded","section":"Shading Mode"},"sceneLighting":true,"audioPlay":false,"sceneViewState":{"showFog":true,"showMaterialUpdate":false,"showSkybox":true,"showFlares":true,"showImageEffects":true,"showParticleSystems":true},"in2DMode":false,"pivot":{"x":0.467010498046875,"y":0.7875000238418579,"z":2.25},"rotation":{"x":0.5365745425224304,"y":0.0075943805277347569,"z":-0.004829276818782091,"w":0.8438047766685486},"size":7.232952117919922,"orthographic":true}