{"cameraMode":{"drawMode":0,"name":"Shaded","section":"Shading Mode"},"sceneLighting":true,"audioPlay":false,"sceneViewState":{"showFog":true,"showMaterialUpdate":false,"showSkybox":true,"showFlares":true,"showImageEffects":true,"showParticleSystems":true},"in2DMode":false,"pivot":{"x":-4.389999866485596,"y":1.0,"z":1.6109466552734376},"rotation":{"x":0.251662939786911,"y":0.004355046432465315,"z":-0.0011364275123924018,"w":0.9678112268447876},"size":3.689762830734253,"orthographic":true}