{"cameraMode":{"drawMode":0,"name":"Shaded","section":"Shading Mode"},"sceneLighting":true,"audioPlay":false,"sceneViewState":{"showFog":true,"showMaterialUpdate":false,"showSkybox":true,"showFlares":true,"showImageEffects":true,"showParticleSystems":true},"in2DMode":false,"pivot":{"x":0.5441703796386719,"y":0.11825847625732422,"z":4.4735107421875},"rotation":{"x":0.4564574956893921,"y":2.4746469762249037e-7,"z":-0.0000017079163399102982,"w":0.8897665143013},"size":10.199715614318848,"orthographic":true}