{"cameraMode":{"drawMode":0,"name":"Shaded","section":"Shading Mode"},"sceneLighting":true,"audioPlay":false,"sceneViewState":{"showFog":true,"showMaterialUpdate":false,"showSkybox":true,"showFlares":true,"showImageEffects":true,"showParticleSystems":true},"in2DMode":false,"pivot":{"x":-5.826749324798584,"y":0.8876561522483826,"z":2.9117794036865236},"rotation":{"x":0.3871142864227295,"y":0.0013829863164573908,"z":-0.00058074010303244,"w":0.9220319986343384},"size":5.2617340087890629,"orthographic":true}