{"cameraMode":{"drawMode":0,"name":"Shaded","section":"Shading Mode"},"sceneLighting":true,"audioPlay":false,"sceneViewState":{"showFog":true,"showMaterialUpdate":false,"showSkybox":true,"showFlares":true,"showImageEffects":true,"showParticleSystems":true},"in2DMode":false,"pivot":{"x":-1.1097402572631837,"y":2.7137694358825685,"z":3.2705078125},"rotation":{"x":0.3975989818572998,"y":-0.0013762402813881636,"z":0.0005964814336039126,"w":0.9175599813461304},"size":7.8491435050964359,"orthographic":true}