{"cameraMode":{"drawMode":0,"name":"Shaded","section":"Shading Mode"},"sceneLighting":true,"audioPlay":false,"sceneViewState":{"showFog":true,"showMaterialUpdate":false,"showSkybox":true,"showFlares":true,"showImageEffects":true,"showParticleSystems":true},"in2DMode":false,"pivot":{"x":-1.3577117919921876,"y":56.21484375,"z":-93.8515625},"rotation":{"x":0.2487538903951645,"y":0.007264098152518272,"z":-0.0018696257611736656,"w":0.9685444235801697},"size":14.169197082519532,"orthographic":true}