{"cameraMode":{"drawMode":0,"name":"Shaded","section":"Shading Mode"},"sceneLighting":true,"audioPlay":false,"sceneViewState":{"showFog":true,"showMaterialUpdate":false,"showSkybox":true,"showFlares":true,"showImageEffects":true,"showParticleSystems":true},"in2DMode":false,"pivot":{"x":-2.56911039352417,"y":2.663968086242676,"z":2.2911376953125},"rotation":{"x":0.3396122455596924,"y":0.0000021765938527096297,"z":0.0000029423481464618819,"w":0.9405792951583862},"size":7.966973304748535,"orthographic":true}