{"cameraMode":{"drawMode":0,"name":"Shaded","section":"Shading Mode"},"sceneLighting":true,"audioPlay":false,"sceneViewState":{"showFog":true,"showMaterialUpdate":false,"showSkybox":true,"showFlares":true,"showImageEffects":true,"showParticleSystems":true},"in2DMode":false,"pivot":{"x":0.9841458797454834,"y":0.6851620078086853,"z":3.916268825531006},"rotation":{"x":-0.45674699544906618,"y":0.1606569141149521,"z":-0.08423510938882828,"w":-0.8709339499473572},"size":16.185623168945314,"orthographic":true}